{
  "2026-03": {
    "revenue": 3501058.740000012,
    "profit": 3122812.758013135,
    "orders": 38950
  },
  "2026-02": {
    "revenue": 7716953.150000642,
    "profit": 6910520.713074783,
    "orders": 83215
  },
  "2026-01": {
    "revenue": 7994589.150000916,
    "profit": 7214290.689951229,
    "orders": 92387
  },
  "2025-12": {
    "revenue": 9887839.750000086,
    "profit": 8960758.20984449,
    "orders": 100252
  },
  "2025-11": {
    "revenue": 9033782.890000353,
    "profit": 8125077.7947204,
    "orders": 97398
  },
  "2025-10": {
    "revenue": 8831051.470000874,
    "profit": 7931300.940073735,
    "orders": 98275
  },
  "2025-09": {
    "revenue": 7399495.079999831,
    "profit": 6682110.420011526,
    "orders": 81842
  },
  "2025-08": {
    "revenue": 8195500.769999368,
    "profit": 7424277.155094338,
    "orders": 88232
  },
  "2025-07": {
    "revenue": 8870071.709999409,
    "profit": 7999026.750899346,
    "orders": 96923
  },
  "2025-06": {
    "revenue": 9279047.51999899,
    "profit": 8379326.562968233,
    "orders": 93551
  },
  "2025-05": {
    "revenue": 9074664.879999457,
    "profit": 8153692.783538003,
    "orders": 91758
  },
  "2025-04": {
    "revenue": 8020233.950000278,
    "profit": 7225422.236819547,
    "orders": 74375
  },
  "2025-03": {
    "revenue": 7615328.4900002,
    "profit": 6890291.15211034,
    "orders": 63200
  },
  "2025-02": {
    "revenue": 6712687.440000047,
    "profit": 6090751.03125255,
    "orders": 47883
  },
  "2025-01": {
    "revenue": 6579298.740000042,
    "profit": 5923640.169611808,
    "orders": 40738
  },
  "2024-12": {
    "revenue": 2241091.2799999947,
    "profit": 2011016.266336261,
    "orders": 13112
  },
  "2024-11": {
    "revenue": 2706.9199999999996,
    "profit": 2530.866513269341,
    "orders": 52
  }
}