{
  "2026-03": {
    "revenue": 3501058.740000012,
    "profit": 3282169.2199242045,
    "orders": 38950
  },
  "2026-02": {
    "revenue": 7716953.150000642,
    "profit": 7246968.382340299,
    "orders": 83215
  },
  "2026-01": {
    "revenue": 7994589.150000916,
    "profit": 7528960.108931852,
    "orders": 92387
  },
  "2025-12": {
    "revenue": 9887839.750000086,
    "profit": 9267428.7264966,
    "orders": 100252
  },
  "2025-11": {
    "revenue": 9033782.890000353,
    "profit": 8472023.44800462,
    "orders": 97398
  },
  "2025-10": {
    "revenue": 8831051.470000874,
    "profit": 8327679.407273384,
    "orders": 98275
  },
  "2025-09": {
    "revenue": 7399495.079999831,
    "profit": 6954281.101009739,
    "orders": 81842
  },
  "2025-08": {
    "revenue": 8195500.769999368,
    "profit": 7723594.891555325,
    "orders": 88232
  },
  "2025-07": {
    "revenue": 8870071.709999409,
    "profit": 8347261.098305253,
    "orders": 96923
  },
  "2025-06": {
    "revenue": 9279047.51999899,
    "profit": 8712029.75578221,
    "orders": 93551
  },
  "2025-05": {
    "revenue": 9074664.879999457,
    "profit": 8519672.302902369,
    "orders": 91758
  },
  "2025-04": {
    "revenue": 8020233.950000278,
    "profit": 7543943.684990434,
    "orders": 74375
  },
  "2025-03": {
    "revenue": 7615328.4900002,
    "profit": 7159397.374695991,
    "orders": 63200
  },
  "2025-02": {
    "revenue": 6712687.440000047,
    "profit": 6316359.092311641,
    "orders": 47883
  },
  "2025-01": {
    "revenue": 6579298.740000042,
    "profit": 6147866.485014252,
    "orders": 40738
  },
  "2024-12": {
    "revenue": 2241091.2799999947,
    "profit": 2101301.2099527186,
    "orders": 13112
  },
  "2024-11": {
    "revenue": 2706.9199999999996,
    "profit": 2578.0190476190487,
    "orders": 52
  }
}